Glycolic,,,,,,
FADE CREAM,,,,,,
Whitening Toner,,,,,,
EROTROMYCIN 10g,,,,,,
Clindamycin Solo,,,,,,
SERUM Vita E ,,,,,,
sunblock cream SPF 45,,,,,,
Sunblock Gel SPF 30,,,,,,
SumblOCK Powder SPF 50,,,,,,
CLOBETASOL CREAM ,,,,,,
HYDROCORTI CREAM 1% ,,,,,,
HYDRO LOTION,,,,,,z
TRETINION Gel,,,,,,
TRETINION CREAm 5%,,,,,,
Facial mask,,,,,,
RtoPR HAIR OIL,,,,,,
RtO PR GINGTR ,,,,,,
RtoPR manga/gel,,,,,,
RtoPR Herbal,,,,,,
DİSPOSSABIE SHORT,,,,,,
All purpose,,,,,,
Beauty Line Pipper,,,,,,
TEA TREE SHAMPOO,,,,,,
TEA TREE CONDITIONER,,,,,,
TEA TREE FOAM,,,,,,
TEA TREE SCRUB,,,,,,
I CURE HEAT PROTECTION,,,,,,
I CURE SHAMPOO,,,,,,
I CURE Conditioner,,,,,,
REVLON FLEX,,,,,,
Lux Organic Caster oil,,,,,,
LOREAL Ever Pure Shampo,,,,,,
LOREAL EVER PURE CENOLI,,,,,,
ALOEVERA SOATHING Gel,,,,,,
JUST FOR DOG SHAMPOO,,,,,,
BRAZILIAN,,,,,,
Vitaelle,,,,,,
DEFENSE SUNSCREEN,,,,,,
EATMEL SOAP,,,,,,
KOJIC SOAP,,,,,,
BLOOM UNDERARM,,,,,,
SEMI DELINO,,,,,,
Vitamin F-SuN,,,,,,
Bleaching SOAP,,,,,,
